text,summary
¡5% DTO 1er Pedido! Profine Energy Chicken 15 Kg Comida para Perros,Energy pollo comida para perros
Chupetero bebé personalizado crema con color Crema y salmón,Chupetero personalizado Crema y Salmón
Climatizador Frío COMMODORE CM1014,Climatizador Frío
SOMBRA DE OJOS EN CREMA IGNIS - 1787,Sombra de Ojos Igni
ELECTROLUX KOAAS31CX HORNO VAPOR 70l clase a 3500W,Horno vapor Electrolu
Xiaomi Mi True Wireless Earphones 2 Basic Auriculares Stereo (TWS) Dentro de oído Música USB Tipo C Bluetooth Blanco,Auriculares Xiaomi stereo
Céline por Phoebe Philo zapato cuña circa 2008,Zapato Cuña Celine
Piscina Gre Sunbay Evora rectangular 620x420x133,Piscina Gre Rectangula
Falomir - Colgante de Oro de 18k Cabeza de Egipcio,Colgante Oro Egipcio 18K falomir
Apple Airpods V2 Auriculares Inalámbricos con Estuche de Carga,Apple Airpods V2
Chanel Rouge Coco Flash 102 Noir Moderne,Chanel Rouge
Prado Enea Gran Reserva Magnum 2014,Gran Reserva 2014 Prado Enea
ELECTROLUX KOAAS31CX HORNO VAPOR 70l clase a 3500W,Horno vapor Electrolu
Oro De Castilla Verdejo 2021,Verdejo 2021 Oro de Castilla
¡5% DTO 1er Pedido! Profine Light Lamb 15 Kg Comida para Perros,Cordero ligero comida para perros
"LIMPIADOR MULTIUSOS, BASICMATOR - 10 Litros",Limpiador Multiusos 10L
Termo eléctrico ESSENTIAL by HTW 50 Litros Vertical,Termo eléctrico 50 litros
Baliza Sobremuro LED Exterior Philips Parterre Negro,Baliza sobremuro exterior
Aire acondicionado Conducto Inverter GIATSU 6000 frig/h bomba calor IX43-R32,Aire acondicionado Giatsu 6000 frigorias
Jersey estampado Naf Naf mujer Cora,Jersey estampado
Piscina Gre Sunbay Evora rectangular 620x420x133,Piscina Gre Rectangula
"Natura Bissé Essential Shock Intense Eye & Lip Treatment, 15 ml",Intense Eye & Lip Treatment
Arcon terraza marron gensini - gensini,Arcon terraza marron
Tous Monedero Mediano Beige Y Rosa Kaos Legacy,Tous Monedero 
"Motosierra stihl ms 170 2mix 3/8"" pmm3 35 cm",Motosierra stihl ms 170 35cm
Difusor de aire secador profesional Bosch 00634776,Difusor de secador Bosch
Profine Cat Indoor 10 Kg Comida para Gatos,Comida para gatos de interior adultos
Profine Cat Light Turkey 10 Kg Comida para Gatos,Pavo comida para gatos
Mesa redonda cerámica blanco / negro delfos 90cm,Mesa Redonda Cerámica
Cortacésped husqvarna lb533s - husqvarna,Cortacésped husqvarna
Profine 400 Gr Lata Venado,Lata de Venado Profine
Falomir - Cruz con Cristo en Oro de 18k,Cruz Cristo Oro 18K falomir
"Campana decorativa Balay 3BC497GN , 90 cm vertical negra - Balay",Campana decorativa Balay
"Campana decorativa Balay 3BC497GN , 90 cm vertical negra - Balay",Campana decorativa Balay
Tous Bandolera Mediana De Piel Negra Y Malva Tous Empire,Tous Bandolera Median
Mesa de Centro Clara Pino/Gris Antracita,Mesa de Centr
Ventana 350X600Mm Corredera Universal Carbest,Ventana Corredera 350x600mm
Cabecero Canadá Polipiel Para Camas De 90 Y 105 (115 X 57 Cm) Polipiel Beige,Cabecero polipiel
Hisense RB438N4EC3 - Frigorífico combinado Inox NoFrost 2 metros D,Frigorífico Hisens
Chapatas (2 o 7 ud.) Pack de 2 Uds,Pack de chapatas
"70 Vasos para bebidas frías, pure 0,4 l diámetro 9,5 cm 13,2 cm transparente con borde redondeado - Vasos de plástico",70 Vasos de Plástico para frío
Gordon's Premium Pink Distilled Gin,Pink Gin Gordon´s
Conjunto mesa madera y 4 sillas en acero y ratán - coferdroza,Conjunto mesa y 4 sillas
Nebulizador de espuma - Acero e inox - LTXS 100 ESPUMA - INOX - 1.510€,Nebulizador de Espuma
Eco Cookies (4 ud.),Cookies Eco
Apple Airpods V2 Auriculares Inalámbricos con Estuche de Carga,Apple Airpods V2
Culmen Reserva 2015,Reserva 2015 Culmen
Toallero pie exclusive cromo 91x48x28cm,Toallero de Pie
Lote x2 Ventiladores 3 en 1,2 Ventiladores 3 en 1
"Silla de oficina Spirit,marco de acero,respaldo bajo red negro",Silla oficina respaldo bajo Spiri
Máquina de escribir Typecast Typewriter Mint We R Memory Keepers Menta,Máquina de escribir Typewriter
Balay 3ETG663HB hobs Negro Integrado Encimera de gas 3 zona(s),Encimera de gas 3 zonas Balay
"Sillón de oficina Icon, mecanismo relax, aluminio, respaldo alto",Sillón oficina Ico
Falomir - Cruz con Cristo en Oro de 18k,Cruz Cristo Oro 18K falomir
Dolphin PoolStyle 30 robot limpiafondos piscina,Dolphin PoolStyle 30
Lámpara de pared 'estrella' - Buokids Gris,Lámpara de pared Buokid
Bolsa aspirador adaptable Ufesa AT 4204 - 4205 - 4206 - 5 Unidades 640,Bolsa aspirador adaptable Ufesa 
Alicate de boca semirredonda punta curva 45º bahco 2427d 160 mm,Alicate boca semirredonda 160 mm 
Nebulizador de espuma - Acero e inox - LTXS 100 ESPUMA - INOX - 1.510€,Nebulizador de Espuma
¡5% DTO 1er Pedido! Ownat Just Grain Free Adult Chicken 14 Kg Comida para Perros,Pollo comida para perros
Papel pintado Butterflies & Dragonflies 103/15062,Papel pintado
¡5% DTO 1er Pedido! Profine Junior Large Salmón 15 Kg Comida para Perros,Salmón comida para perros junior
Fruit For Pets Champu Pelo Largo Jojoba 250ml,Champú pelo largo
¡5% DTO 1er Pedido! Carnívoro Sport Cordero Y Arroz 15 Kg Comida para Perros,Cordero y arroz comida para perros
Profine Cat Sterilised 10 Kg Comida para Gatos,Comida para gatos esterilizados
"Campana decorativa Balay 3BC497GN , 90 cm vertical negra - Balay",Campana decorativa Balay
Cabecero de madera para camas de 180 Bora - Turquesa Envejecido,Cabecero Turquesa Envejecido 180 Bora
Balay 3EB715XR - Placa Vitrocerámica Balay 60 Cm 3 Zonas 17 Niveles,Placa Vitrocerámica Bala
Claraboya Ventilador 280X280Mm Carbest,Claraboya con Ventilador 280x280mm
PALETA DE OJOS ARBOREA - ARBOREA EYESHADOW PALETTE,Paleta de Ojos Arborea
"Liner Piscina Iaso NEMO (Tati, Teya y Koya) Liner Iaso TATI - 200 x 125 x 50",Liner Piscina Ias
Mesa auxiliar con nevera ice cube - ice cube,Mesa auxiliar con nevera
Beco Expositor 64 Rollos X 15 Bolsas Higiénicas,Bolsas higiénicas 64 Rollos
¡5% DTO 1er Pedido! Profine Adult Chicken 15 Kg Comida para Perros,Pollo comida para perros adultos
Cómoda de 4 cajones madera maciza pino barnizado Lavik,Cómoda 4 Cajones
Conjunto mesa madera y 4 sillas en acero y ratán - coferdroza,Conjunto mesa y 4 sillas
Cuadro de Control AP400S ERREKA paro suave para motor KM400S PUMA,Cuadro de control Erreka
Balancin 3 plazas mauricio 195x170x115cm,Balancín 3 plazas
"Mango tirador de puerta frigorífico Balay, Lynx 00640551",Tirador de frigorífico Balay
¡5% DTO 1er Pedido! Profine Energy Chicken 15 Kg Comida para Perros,Energy pollo comida para perros
Termo eléctrico ESSENTIAL by HTW 50 Litros Vertical,Termo eléctrico 50 litros
Termo eléctrico ESSENTIAL by HTW 50 Litros Vertical,Termo eléctrico 50 litros
Profine 400 Gr Lata Venado,Lata de Venado Profine
"Natura Bissé Diamond Life Infusion Retinol Eye Serum, 15 ml",Retinol Eye Serum
COLAGENLIDER PLUS 180 g - COLAGENO HIDROLIZADO,Colágeno Hidrolizado
Alfombra Meadow High Pile S Tapenade,Alfombra Ferm Living
Planet Pet Gato Bites Anti Hairball 40gr,Snacks anti-pelo para gatos
Escalera inox para piscina desmontable 142 cm Gre AR11680,Escalera inox para piscina desmontable 
Bosch MSM67120R licuadora Batidora de inmersión 750 W Rojo. Acero inoxidable,Licuadora Batidora de inmersión Bosch
Gel de Baño y Ducha de Árbol del Té I Cuidado protector 400ml - Alqvimia ®,Gel de Ducha 400ml
Calefacción eléctrica por rayos infrarrojos portátil de 2Kw a 3Kw,Calefacción Rayos Infrarrojos
Lote x2 Ventiladores 3 en 1,2 Ventiladores 3 en 1
Bañera para bebé de Luma Gris oscuro Sin personalizar,Bañera Luma Gris Oscuro
Tractor fendt 209s con remolque ref:2104- bruder,Tractor con Remolque Juguete
Mesa redonda cerámica blanco / negro delfos 90cm,Mesa Redonda Cerámica
"Cafetera integrable Bosch CTL636ES6 , negro + inox - Bosch",Cafetera integrable Bosch
teclado inalambrico apple magic keyboard con touch id/ teclado numerico / gris e - Apple,Teclado inalambrico Apple
Cabecero San Francisco Polipiel Para Camas De 135 (145 X 120 Cm) Polipiel Turquesa,Cabecero polipiel
Carrera  HYPERFIT 22/S 807 (9O),Carrera Hyperfit
Alicate de boca semirredonda punta curva 45º bahco 2427d 160 mm,Alicate boca semirredonda 160 mm 
COLÁGENO CON MAGNESIO EN POLVO 540 GRAMOS SABOR VAINILLA -TRATAMIENTO PARA 3 MESES -,Colágeno con Magnesio en Polvo
Fruit For Pets Aceite De Vison Puro 125 Ml,Aceite de vison puro
Cabecero Liso Polipiel Para Camas De 80 (90 X 57 Cm) Polipiel Beige,Cabecero liso polipiel
¡5% DTO 1er Pedido! Profine Adult Lamb 15 Kg Comida para Perros,Cordero comida para perros adultos
"Natura Bissé Diamond Cocoon Daily Cleanse, 150 ml",Daily Cleanse
teclado inalambrico apple magic keyboard con touch id/ teclado numerico / gris e - Apple,Teclado inalambrico Apple
Aire acondicionado Split Inverter HTW 3000 frig/h PURE LIGHT,Split Inverter HTW 3000 Frigorias
Lenda Original Adult Pollo 15 Kg Comida para Perros,Pollo comida para perros
Panecillos de hamburguesa (2 ud.) Receta mejorada,Panecillos de hamburguesa
Peto unisex Toogood Farmer x Bib Overall,Peto Toogood Farmer x Bib Overall
Jamón Ibérico De Cebo Sánchez Blanco Pieza 7-8 Kg,Jamón Ibérico Cebo 7-8Kg
Whisky Hakushu 12-Anos,Whisky Hakashu
Bancada sala de espera Kyoto tapizada 3 asientos negro | Ofiprix,Bancada sala de espera Kyot
Depósito de agua cafetera Bosch Tassimo TAS32... 0075452,Depósito de agua cafetera Bosch Tassimo
Aire acondicionado Conducto Inverter GIATSU 6000 frig/h bomba calor IX43-R32,Aire acondicionado Giatsu 6000 frigorias
Fotocélula APRIMATIC ER10/2 Emisor-Receptor,Fotocélula Aprimatic
Tous Monedero Mediano Beige Y Rosa Kaos Legacy,Tous Monedero 
Plancha a Gas de 80 cm Acero Laminado 6 mm. Con Recubrimiento Cerámico,Plancha a gas acero
Oakley SUTRO OO9406 940652,Oakley Sutro
Vestido corto fluido Naf Naf mujer Rojo,Vestido corto fluido
Panecillos de hamburguesa (2 ud.) Receta mejorada,Panecillos de hamburguesa
Cabecero Canadá Polipiel Para Camas De 90 Y 105 (115 X 57 Cm) Polipiel Beige,Cabecero polipiel
Archivador Vertical Para Papeles de Scrapbooking Mi Tienda de Arte,Archivador papeles scrapbooking
Claraboya 40X40 Carbest,Claraboya 40x40
Balay 3ETG663HB hobs Negro Integrado Encimera de gas 3 zona(s),Encimera de gas 3 zonas Balay
Colchón Muelles Ensacado Bahamas,Colchón Muelles Ensacados
"Belcando Junior Lamb & Rice 12,5 Kg Comida para Perros",Cordero y arroz comida para perros
LOCIÓN CORPORAL CALMANTE Y SUAVIZANTE HAPPIEST AMAR,Loción Happiest Amar
Toallero Radiador eléctrico Climastar Pizarra Nieve Slim Timer 500W,Toallero radiador 500w
Escritorio Aris Cristal Templado 120x75,Escritorio Cristal Templado
"Apple MacBook Pro Intel Core i5/16GB/1TB SSD/13.3"" Gris Espacial 2020",MacBook Pro Gris Espacial
Pago De Los Capellanes Crianza 2019,Crianza 2019 Pago Capellanes
LÁMPARA DE SOBREMESA MODELO SCARLETT METAL NEGRO,Lámpara de Sobremesa
Vina Pedrosa Gran Reserva 2015,Gran Reserva 2015 Viña Pedrosa
Silla Comedor Nais Natural-Gris Claro,Silla Comedor
Bancada sala de espera Kyoto tapizada 3 asientos negro | Ofiprix,Bancada sala de espera Kyot
Fotocélula APRIMATIC ER10/2 Emisor-Receptor,Fotocélula Aprimatic
Baliza Sobremuro LED Exterior Philips Parterre Negro,Baliza sobremuro exterior
"Silla de oficina Nicole operativa, espuma inyectada naranja",Silla oficina Nicol
Whisky Hakushu 12-Anos,Whisky Hakashu
Conjunto aluminio y textileno madagascar - cz,Conjunto mesa y sillas jardin
Electrolux ESF5534LOW - Lavavajillas de 60 Cm Clase E 13 Cubiertos,Lavavjillas Electrolu
"smartphone samsung galaxy s22 8gb/ 128gb/ 6.1""/ 5g/ verde - Samsung",Smartphone Samsung Galaxy
Desbrozadora a batería husqvarna 115il kit - husqvarna,Desbrozadora a batería husqvarna
"Silla de oficina Ergomax, premium, espuma inyectada | Ofiprix",Silla oficina Ergomax
"Bomba Contracorriente Piscina Impulsión Horizontal AstralPool Bomba 1,5 Kw Monofasica","Bomba Piscina Astralpool 1,5kw"
ACEITE ESENCIAL ARBOL DE TE 10 ml,Aceite Arbol de Te
Marco Oscurecedor 500X450 Con Mosquitera Para Ventanas Carbest Rw Motion,Marco Oscurecedor con Mosquitera 500x540
Cecotec Conga 1090 cepillo rotatorio central 2771,Cepillo rotatorio Cecotec Conga
¡5% DTO 1er Pedido! Profine Adult Lamb 15 Kg Comida para Perros,Cordero comida para perros adultos
Brother TN243 Pack de 4 Toners Original,Toners Original Brother TN24
"Sillón de ordenador Baviera,muy confortable, ecopiel blanco",Sillón ordenador Baviera ecopie
Eco barritas (2 ud.),Barritas Eco
Lámpara Sobremesa Infantil Rosa Serie Flor 1xE14,Lámpara sobremesa infantil
Cizalla y Tabla en Centímetros Trim and Score Board Rosa We R Memory Keepers,Cizalla y tabla en centímetros
¡5% DTO 1er Pedido! Profine Puppy Chicken 15 Kg Comida para Perros,Pollo comida para cachorros
Natural Greatness Receta Sensitive Conejo Light & Fit 6 Kg Comida para Perros,Conejo comida para perros
COLAGENLIDER PLUS 180 g - COLAGENO HIDROLIZADO,Colágeno Hidrolizado
Aire Acondicionado Split 3500F,Aire Acondicionado
Crema BeeVenom | Crema Antiarrugas 50ml - Isseimi - Heber Farma ®,Crema Antiarrugas 15ml
Purificador de Aire Serie SPACE 24 HTW,Purificador aire HTW
Mesa de dirección con ala Manager estructura estructura cromo | Ofiprix,Mesa Manager estructura cromo
"Campana decorativa Balay 3BC497GN , 90 cm vertical negra - Balay",Campana decorativa Balay
Fruit For Pets Champu Pelo Blanco 250ml,Champú pelo blanco
melan 130+ pigment control | Protector con color 50ml - Photoprotection Solutions - mesoestetic ®,Protector Solar con Color 50ml
Papel pintado tablas colores 1580-2810,Papel Pintado
Chupetero bebé personalizado crema con color Crema y salmón,Chupetero personalizado Crema y Salmón
Taburete de oficina giratorio Mirko Blanco,Taburete Mirko blanco
Pago De Los Capellanes Crianza 2019,Crianza 2019 Pago Capellanes
"Cafetera integrable Bosch CTL636ES6 , negro + inox - Bosch",Cafetera integrable Bosch
Cómoda de 4 cajones madera maciza pino turquesa envejecido Lavik,Cómoda 4 Cajones
Asiento Y Respaldo Estampados Chill Out Estampado Mandala Turquesa,Asiento y respaldo chill out estampado
Mesa plegable resina-hierro 244x76x74cm,Mesa Plegable
Falomir - Colgante de Oro de 18k Cabeza de Egipcio,Colgante Oro Egipcio 18K falomir
Electrolux ESF5534LOW - Lavavajillas de 60 Cm Clase E 13 Cubiertos,Lavavjillas Electrolu
Compatible HP 301XL Negro Cartucho,Cartucho Compatible HP 301X
Beco Pod Dispensador Bolsas Ecológico Verde,Bolsas ecológicas
Clorador Salino CTX Go Salt Electrolisis Go Salt 40 CTX,Clorador Salino 40 CTX
Mesita de noche 3 cajones madera maciza pino natural Loen,Mesita de Noche 3 Cajones
Bomba contracorriente piscina impulsión horizontal AstralPool,Bomba contracorriente Astralpool
Neceser de viaje Camila - Babyshower Rose powder,Neceser Babyshower Rose Powder
ACEITE ESENCIAL ARBOL DE TE 10 ml,Aceite Arbol de Te
Toallero Radiador eléctrico Climastar Pizarra Nieve Slim Timer 500W,Toallero radiador 500w
Tractor fendt 209s con remolque ref:2104- bruder,Tractor con Remolque Juguete
Marco Oscurecedor 500X450 Con Mosquitera Para Ventanas Carbest Rw Motion,Marco Oscurecedor con Mosquitera 500x540
"Silla de oficina Spirit,marco de acero,respaldo bajo red negro",Silla oficina respaldo bajo Spiri
Sillón Dulce Nórdico Tela Turquesa,Sillón dulce de tela
Panecillos de hamburguesa (2 ud.) Receta mejorada,Panecillos de hamburguesa
"Filtro Sedimentos Nylon Lavable 60 micras (10""x3,4"")",Filtro sedimentos nylon
Piscina desmontable Gre Mauritius ovalada imitación madera,Piscina desmontable Gre Mauritius 
Silla Stockholm Tapizado Amarillo,Silla Stockhol
"Silla gaming Montmelo, diseño deportivo, rojo",Silla gaming Montmel
Profine Cat Indoor 10 Kg Comida para Gatos,Comida para gatos de interior adultos
Neceser de viaje Camila - Babyshower Rose powder,Neceser Babyshower Rose Powder
Lámpara Colgante de Techo Rústica Serie Sabina 1L Ø60CM,Lámpara techo Sabina
Silla Operativa Oficina modelo Córdoba Varios Colores,Silla Oficina
BASE DE MAQUILLAJE ANTIPOLUCIÓN COVER DEFENSE N1-1687,Base de Maquillaje Cov
Mesita Harald Con Cajón Acabado Barnizado,Mesita Con Cajón Barnizado
Farm Nature Adulto Pollo Y Arroz 18 Kg Comida para Perros,Pollo y arroz comida para perros
"BB Cream Soin Perfection Lumière | Naturel, Ivoire y Doré - 40ml - Thalgo ®",BB Cream 40ml
Natural Woodland Ocean Diet 12 Kg Comida para Perros,Comida para perros dieta oceánica
¡5% DTO 1er Pedido! Profine Puppy Lamb 15 Kg Comida para Perros,Cordero comida para cachorros
MUEBLE TV 1 PUERTA MODELO QUATRE DM-MADERA DE FRESNO 134x56,Mueble TV 1 puerta
Panasonic RP-HJE125E-K auricular y casco Auriculares Alámbrico Dentro de oído Música Negro,Auriculares Panasonic alámbricos
¡5% DTO 1er Pedido! Profine Junior Large Breed Chicken 15 Kg Comida para Perros,Pollo comida para perros junior
Balancín Carla Lacada En Blanco Tela Verde Agua,Balancín lacado
Marco Oscurecedor 500X450 Con Mosquitera Para Ventanas Carbest Rw Motion,Marco Oscurecedor con Mosquitera 500x540
Fruit For Pets Antimordeduras 125ml,Antimordeduras
Contorno de Ojos | Antioxidante 15ml - Power C+ - Skeyndor ®,Contorno de ojos 15ml
Aparador Kuma Natural/Blanco,Aparado
Sillón Dulce Nórdico Tela Turquesa,Sillón dulce de tela
"Natura Bissé Diamond Extreme Hand Cream, 75 ml",Diamond Extreme Hand Cream
COLAGENLIDER PLUS 180 g - COLAGENO HIDROLIZADO,Colágeno Hidrolizado
"Silla de oficina ergonómica Kendo white, mecanismo sincro, grey",Silla oficina ergonómica Kend
Mesa plegable resina-hierro 244x76x74cm,Mesa Plegable
Balay 3ETG663HB hobs Negro Integrado Encimera de gas 3 zona(s),Encimera de gas 3 zonas Balay
Monitor Videoportero BTicino 8 Hilos 334122 Pivot,Monitor Videoportero BTicino
Boquilla impulsión para encolar piscina hormigón AstralPool,Boquilla para encolar piscina
Tizas de marcado en construcción. Color azul,Tizas construcción azul
Claraboya Ventilador 280X280Mm Carbest,Claraboya con Ventilador 280x280mm
Lenda Original Adult Pollo 3 Kg Comida para Perros,Pollo comida para perros adultos
Claraboya Carbest 700X500 Panoramica,Claraboya Panorámica 700x500
Profine Cat Sterilised 10 Kg Comida para Gatos,Comida para gatos esterilizados
Cuchilla para accesorio picador de batidora Bosch 00615742,Cuchilla para picador de batidora Bosch
Lote x2 Ventiladores 3 en 1,2 Ventiladores 3 en 1
Sillón Relax Home Tela Verde Agua,Sillón relax 
"Campana decorativa Balay 3BC497GN , 90 cm vertical negra - Balay",Campana decorativa Balay
Whisky Hakushu 12-Anos,Whisky Hakashu
Profine Cat Sterilised 10 Kg Comida para Gatos,Comida para gatos esterilizados
SVAN SVAN3018 AIRE ACONDICIONADO REFRIGERACION,Aire acondicionado Sva
Mesa de Centro Mar Natural/Blanco,Mesa de Centr
Clinique Beyond Perfecting Foundation + Concealer 2 In 1 Wn 46 Golden Neutral Tamaño 30 Ml,Foundation y Concealer Clinique
Pack de 25 Cartulinas White Mi Tienda de Arte A4,Pack Cartulinas White A4
"Bastilipo 523 Interior Negro, Gris 450 W",Bastilipo Interior
"Bastilipo 523 Interior Negro, Gris 450 W",Bastilipo Interior
Cabecero Dakota Polipiel Para Camas De 140 (150 X 57 Cm) Polipiel Blanco,Cabecero polipiel
Cinturón efecto piel Naf Naf mujer Camel,Cinturón de mujer
Taburete de oficina giratorio Mirko Blanco,Taburete Mirko blanco
Planet Pet Gato Bites Pelo Y Piel 40gr,Snacks pelo y piel para gatos
Mesita Harald Con Cajón Acabado Barnizado,Mesita Con Cajón Barnizado
Aparador Kuma Natural/Blanco,Aparado
Toallero Radiador eléctrico Climastar Pizarra Nieve Slim Timer 500W,Toallero radiador 500w
Caseta perro marron 99x95x99cm,Caseta Perro
Lubricante de tecnología 100% repsol elite tdi  5w40 505.01 5l,Lubricante repsol 5l 
"Peluche de Android de 38 cm, de algodón orgánico",Peluche
Papel Navigator A4 Universal 80g (500 hojas),Papel A4 Universa
LÁPIZ PERFILADOR DE LABIOS WATERPROOF N2-1991,Lápiz de Labios Waterproo
Lámpara de Techo LED Moderna Serie Nur 30W Mantra,Lámpara techo Mantra
melan 130+ pigment control | Protector con color 50ml - Photoprotection Solutions - mesoestetic ®,Protector Solar con Color 50ml
Cabecero Canadá Polipiel Para Camas De 90 Y 105 (115 X 57 Cm) Polipiel Beige,Cabecero polipiel
Cabecero Liso Polipiel Para Camas De 80 (90 X 57 Cm) Polipiel Beige,Cabecero liso polipiel
Arcon terraza marron gensini - gensini,Arcon terraza marron
Estanteria baño exclusive 45x54x26cm,Estantería Baño
Profine 400 Gr Lata Venado,Lata de Venado Profine
Clorador salino CTX Go salt  Bomba Ph Basic Next by Piscinayspa,Clorador salino CTX Go salt
Motor VDS PM1 SC 24V C400 Irreversible para puertas batientes de hasta 3m y 200 Kg,MMotor CDS puertas batiente
BASE DE MAQUILLAJE ANTIPOLUCIÓN COVER DEFENSE N1-1687,Base de Maquillaje Cov
Balancín Carla Lacada En Blanco Tela Verde Agua,Balancín lacado
"70 Vasos para bebidas frías, pure 0,4 l diámetro 9,5 cm 13,2 cm transparente con borde redondeado - Vasos de plástico",70 Vasos de Plástico para frío
Recibidor Consola MOMO - Acero Inoxidable Pulido 100x75,Recibidor Acero Inoxidable
Blazer chaleco Naf Naf mujer Crudo,Blazer chaleco
Desbrozadora a batería husqvarna 115il kit - husqvarna,Desbrozadora a batería husqvarna
"Calefactor eléctrico de exterior VICTORY HLW 15 Blanco 1,5 Kw","calefactor electrico 1,5 kw"
Estanteria baño exclusive 45x54x26cm,Estantería Baño
"Calefactor eléctrico de exterior VICTORY HLW 15 Blanco 1,5 Kw","calefactor electrico 1,5 kw"
Barra LED 50Cm largo alcance LightBar FX500 Osram,Barra led Osra
PALETA DE OJOS ARBOREA - ARBOREA EYESHADOW PALETTE,Paleta de Ojos Arborea
Cabecero de madera para camas de 90 Bora - Blanco,Cabecero Blanco 90 Bora
¡5% DTO 1er Pedido! Profine Senior Turkey 15 Kg Comida para Perros,Pavo comida para perros senior
Neceser de viaje Camila - Babyshower Rose powder,Neceser Babyshower Rose Powder
Balay 3EB967AU - Placa Inducción 60 Cm 3 Zonas Gris Antracita,Placa Inducción Bala
Espejo aumento x3 extensible assisi 17cm,Espejo Aumento Extensible
Farm Nature Adulto Pollo Y Arroz 18 Kg Comida para Perros,Pollo y arroz comida para perros
Cinturón efecto piel Naf Naf mujer Camel,Cinturón de mujer
"Vestido de skater de lunares, sin mangas, talla M, negro",Vestido skater de lunares sin mangas
Falomir - Colgante de Oro de 18k Cabeza de Egipcio,Colgante Oro Egipcio 18K falomir
Aire acondicionado Swiss Way,Aire Acondicionado
Perfume Para Perros Fruit For Pets Fresa 125ml,Perfume para perros Fresa
"Silla de oficina Ergomax, premium, espuma inyectada | Ofiprix",Silla oficina Ergomax
Shiseido Crema Essential Energy Hydrating Spf 20 50 Ml,Shiseido Crema Spf 20 
"BB Cream Soin Perfection Lumière | Naturel, Ivoire y Doré - 40ml - Thalgo ®",BB Cream 40ml
"Natura Bissé Diamond Cocoon Sheer Cream SPF 30 PA++, 50 ml",Sheer Cream SPF 30 PA++
Oro De Castilla Verdejo 2021,Verdejo 2021 Oro de Castilla
¡5% DTO 1er Pedido! Profine Junior Large Breed Chicken 15 Kg Comida para Perros,Pollo comida para perros junior
Lenda Original Adult Cordero 15 Kg Comida para Perros,Cordero comida para perros adultos
"Natura Bissé Diamond Luminous Clarity Toning Lotion, 200 ml",Clarity Toning Lotion
Big Baby - La box para el primer cumpleaños de tu bebé Unisex,Big Baby Unisex
Animology Champú Dogs Body 250ml,Champú para perros
Jersey estampado Naf Naf mujer Cora,Jersey estampado
¡5% DTO 1er Pedido! Profine Light Lamb 15 Kg Comida para Perros,Cordero ligero comida para perros
Sandalia de lona maxi GG para hombre,Sandalia de Lona Maxi GG
¡5% DTO 1er Pedido! Profine Adult Chicken 15 Kg Comida para Perros,Pollo comida para perros adultos
Bombas calor AEROMAX piscinas Thermor 14 kW,Bomba calor 14 kw
Cabecero de madera para camas de 150 Solana - Blanco,Cabecero Blanco 150 Solana
Piscina Gre Sunbay Evora rectangular 620x420x133,Piscina Gre Rectangula
Barniz titanlux decora agua satinado incoloro 750ml,Barniz Titanlux
Crema BeeVenom | Crema Antiarrugas 50ml - Isseimi - Heber Farma ®,Crema Antiarrugas 15ml
