source,target
"Zapatillas originales de Google, para hombre, talla 41, azules y naranjas",Zapatillas de correr 
"Peluche de Android de 38 cm, de algodón orgánico",Peluche
Zapatillas nike air rojas y blancas talla 39,Zapatillas de correr
"Vestido de skater de lunares, sin mangas, talla S, verde",Vestido skater de lunares sin mangas
"Vestido de skater de lunares, sin mangas, talla M, negro",Vestido skater de lunares sin mangas
"Peluche de Android de 38 cm, de algodón orgánico",Peluche
"Vestido de skater de lunares, sin mangas, talla S, negro",Vestido de skater de lunares
Animology Champú Dogs Body 250ml,Champú para perros
Profine 400 Gr Lata Pollo E Hígado De Pollo,Lata de Pollo Profine
Profine 400 Gr Lata Venado,Lata de Venado Profine
Fruit For Pets Champu Pelo Blanco 250ml,Champú pelo blanco
Perfume Para Perros Fruit For Pets Vainilla 125ml,Perfume para perros Vainilla
Perfume Para Perros Y Gatos Fruit For Pets Talco Baby 125ml,Perfume para perros y gatos
Fruit For Pets Antimordeduras 125ml,Antimordeduras
Fruit For Pets Champu Pelo Largo Jojoba 250ml,Champú pelo largo
Perfume Para Perros Fruit For Pets Fresa 125ml,Perfume para perros Fresa
Perfume Para Perros Y Gatos Fruit For Pets Tropical 125ml,Perfume para perros y gatos
Fruit For Pets Repelente Micciones 500ml,Repelente micciones
Fruit For Pets Aceite De Vison Puro 125 Ml,Aceite de vison puro
Beco Pod Dispensador Bolsas Ecológico Verde,Bolsas ecológicas
Planet Pet Gato Bites Pelo Y Piel 40gr,Snacks pelo y piel para gatos
Planet Pet Gato Bites Anti Hairball 40gr,Snacks anti-pelo para gatos
Planet Pet Gato Bites Sterilized 40gr,Snacks para gatos esterilizados
Planet Pet Snacks Tiras Pato 400gr,Tiras de pato
Beco Expositor 64 Rollos X 15 Bolsas Higiénicas,Bolsas higiénicas 64 Rollos
"Belcando Adult Lamb & Rice 12,5 Kg Comida para Perros",Cordero y Arroz comida para perros adultos
¡5% DTO 1er Pedido! Profine Adult Lamb 15 Kg Comida para Perros,Cordero comida para perros adultos
¡5% DTO 1er Pedido! Profine Adult Chicken 15 Kg Comida para Perros,Pollo comida para perros adultos
"Belcando Senior Sensitive 12,5 Kg Comida para Perros",Cordero comida para perros
¡5% DTO 1er Pedido! Profine Junior Large Breed Chicken 15 Kg Comida para Perros,Pollo comida para perros junior
Profine Cat Sterilised 10 Kg Comida para Gatos,Comida para gatos esterilizados
"Belcando Finest Grain Free Lamb 12,5 Kg Comida para Perros",Cordero comida para perros
¡5% DTO 1er Pedido! Profine Senior Turkey 15 Kg Comida para Perros,Pavo comida para perros senior
¡5% DTO 1er Pedido! Profine Puppy Chicken 15 Kg Comida para Perros,Pollo comida para cachorros
Profine Cat Derma 10 Kg Comida para Gatos,Comida para gatos
Profine Cat Kitten 10 Kg Comida para Gatos,Comida para gatos de 1 a 12 meses
¡5% DTO 1er Pedido! Profine Junior Large Salmón 15 Kg Comida para Perros,Salmón comida para perros junior
¡5% DTO 1er Pedido! Profine Energy Chicken 15 Kg Comida para Perros,Energy pollo comida para perros
¡5% DTO 1er Pedido! Profine Puppy Lamb 15 Kg Comida para Perros,Cordero comida para cachorros
Profine Cat Light Turkey 10 Kg Comida para Gatos,Pavo comida para gatos
Champú Profesional Petuky 500 Ml,Champú profesional para perros
"Belcando Junior Lamb & Rice 12,5 Kg Comida para Perros",Cordero y arroz comida para perros
¡5% DTO 1er Pedido! Carnívoro Sport Cordero Y Arroz 15 Kg Comida para Perros,Cordero y arroz comida para perros
¡5% DTO 1er Pedido! Profine Adult Salmon 15 Kg Comida para Perros,Salmón comida para perros adultos
¡5% DTO 1er Pedido! Profine Light Lamb 15 Kg Comida para Perros,Cordero ligero comida para perros
Profine Cat Indoor 10 Kg Comida para Gatos,Comida para gatos de interior adultos
Profine Cat Original Adult 10 Kg Comida para Gatos,Comida para gatos adultos
¡5% DTO 1er Pedido! Profine Adult Large Salmón 15 Kg Comida para Perros,Salmón comida para perros adultos
Lenda Original Adult Pollo 3 Kg Comida para Perros,Pollo comida para perros adultos
Lenda Original Adult Cordero 15 Kg Comida para Perros,Cordero comida para perros adultos
Natural Greatness Receta Sensitive Conejo Light & Fit 6 Kg Comida para Perros,Conejo comida para perros
Farm Nature Adulto Pollo Y Arroz 18 Kg Comida para Perros,Pollo y arroz comida para perros
¡5% DTO 1er Pedido! Ownat Just Grain Free Adult Chicken 14 Kg Comida para Perros,Pollo comida para perros
Farm Nature Plus 4 Tastes Day To Day 17 Kg Comida para Perros,comida para perros
Natural Woodland Ocean Diet 12 Kg Comida para Perros,Comida para perros dieta oceánica
Lenda Original Adult Light 15 Kg Comida para Perros,Comida ligera para perros
Lenda Original Adult Pollo 15 Kg Comida para Perros,Pollo comida para perros
Lenda Nature Senior Mobility Urinary Protect 3 Kg Comida para Perros,Comida para perros con problemas articulares
¡5% DTO 1er Pedido! Ownat Prime Gf Senior Chicken & Turkey 14 Kg Comida para Perros,Pollo y pavo comida para perros
Arquivet Cat Sterilized White Fish & Tuna 10 Kg Comida para Gatos,Pescado comida para gatos esterilizados
Panasonic RP-HJE125E-K auricular y casco Auriculares Alámbrico Dentro de oído Música Negro,Auriculares Panasonic alámbricos
Xiaomi Mi True Wireless Earphones 2 Basic Auriculares Stereo (TWS) Dentro de oído Música USB Tipo C Bluetooth Blanco,Auriculares Xiaomi stereo
"Samsung Series 9 UE43AU9005K 109.2 cm (43) 4K Ultra HD Smart TV Wifi Negro",Smart TV Samsung 43 4K
Bosch Serie 4 KGN36XIEP nevera y congelador Independiente 326 L E Acero inoxidable,Nevera Bosch 326 L Acero inoxidable
Compatible HP 301XL Negro Cartucho,Cartucho Compatible HP 301X
Brother TN243 Pack de 4 Toners Original,Toners Original Brother TN24
Compatible HP 302XL Negro/Color Pack de Cartuchos,Cartucho Compatible 320X
Compatible HP 302XL Negro Cartucho,Cartucho Compatible 320X
Papel Navigator A4 Universal 80g (500 hojas),Papel A4 Universa
Brother TN2420 Pack Negro de 4 Toners Compatible,Brother TN2420 Pack Negro
LG GSJ960NSBZ FRIGORIFICO AMERICANO 179cm clase F,Frigorífico L
ELECTROLUX KOAAS31CX HORNO VAPOR 70l clase a 3500W,Horno vapor Electrolu
SAMSUNG UE85AU7172U TELEVISOR,Televisor Samsun
ROCA PUZZLE GRIFERIA DUCHA EMPOTRABLE 4,Ducha empotrable Roca
AEG IPK94530LB ENCIMERA potencia 7400 W Boost function,Encimera AE
SVAN SVAN3018 AIRE ACONDICIONADO REFRIGERACION,Aire acondicionado Sva
AEG T8DBE853 SECADORA BOMBA CALOR 8kg clase B,Secadora AE
EDESA EWS1480IA LAVADORA SECADORA INTEGRABLE 8KG LAVADO Y 6KG SECADO CLASE B/E,Lavadora secadora Edes
BEKO GM15121DX COCINA INOX 4 QUEMADORES,Cocina Beko
REBRAND RBC185A+ CONGELADOR 185CM NO FROST CLASE F,Congelador Rebran
Termo eléctrico ESSENTIAL by HTW 50 Litros Vertical,Termo eléctrico 50 litros
Fosa séptica con filtro biológico EPURBLOC 1500 Litros,Fosa séptica 1500 litros
Aire acondicionado Conducto Inverter GIATSU 6000 frig/h bomba calor IX43-R32,Aire acondicionado Giatsu 6000 frigorias
Plancha a Gas de 80 cm Acero Laminado 6 mm. Con Recubrimiento Cerámico,Plancha a gas acero
Purificador de Aire Serie SPACE 24 HTW,Purificador aire HTW
Bombas calor AEROMAX piscinas Thermor 14 kW,Bomba calor 14 kw
Aire acondicionado Split Inverter HTW 3000 frig/h PURE LIGHT,Split Inverter HTW 3000 Frigorias
Toallero Radiador eléctrico Climastar Pizarra Nieve Slim Timer 500W,Toallero radiador 500w
"Filtro Sedimentos Nylon Lavable 60 micras (10""x3,4"")",Filtro sedimentos nylon
"Calefactor eléctrico de exterior VICTORY HLW 15 Blanco 1,5 Kw","calefactor electrico 1,5 kw"
"Campana decorativa Balay 3BC497GN , 90 cm vertical negra - Balay",Campana decorativa Balay
Termómetro redondo para horno hasta 300 grados J205 - Termómetros de cocina calor y frío,Termómetro redondo para horno
"70 Vasos para bebidas frías, pure 0,4 l diámetro 9,5 cm 13,2 cm transparente con borde redondeado - Vasos de plástico",70 Vasos de Plástico para frío
"Mostradores de recepción - mostrador recepción mobi grafito, ancho 120 cm, sobremostrador y zócalo blancos",Mostrador recepción color grafito
"Sillones de oficina - silla ergonómica de dirección modelo rocky de vincolo, respaldo bajo, base poliamida",Silla Ergonómica Rocky
Papel pintado Butterflies & Dragonflies 103/15062,Papel pintado
Alfombra Meadow High Pile S Tapenade,Alfombra Ferm Living
"Cafetera integrable Bosch CTL636ES6 , negro + inox - Bosch",Cafetera integrable Bosch
"smartphone samsung galaxy s22 8gb/ 128gb/ 6.1""/ 5g/ verde - Samsung",Smartphone Samsung Galaxy
teclado inalambrico apple magic keyboard con touch id/ teclado numerico / gris e - Apple,Teclado inalambrico Apple
"tablet lenovo tab m10 fhd plus (2nd gen) 10.3""/ 4gb/ 64gb/ octacore/ 4g/ gris pl - Lenovo",Tablet Lenovo
CORRECTOR FLUIDO COBERTURA TOTAL COVER UP CONCEALER COVER UP 2.5 (1164),Corrector Cover Up Conceale
CORRECTOR ILUMINADOR RADIANT CONCEALER RADIANT-1457-1,Corrector Concealer Radian
BASE DE MAQUILLAJE ANTIPOLUCIÓN COVER DEFENSE N1-1687,Base de Maquillaje Cov
SOMBRA DE OJOS INDIVIDUAL DOUBLELOST-1705,Sombra de Ojos Doublelos
LÁPIZ PERFILADOR DE LABIOS WATERPROOF N2-1991,Lápiz de Labios Waterproo
SOMBRA DE OJOS EN CREMA IGNIS - 1787,Sombra de Ojos Igni
GEL DE BAÑO ESPUMOSO HAPPIEST HOMECOMING,Gel de Baño Happiest
COLORETE COMPACTO CHEEK POWDER BLUSH PRALINE-2031,Colorete Cheek Powde
PALETA DE OJOS ARBOREA - ARBOREA EYESHADOW PALETTE,Paleta de Ojos Arborea
LOCIÓN CORPORAL CALMANTE Y SUAVIZANTE HAPPIEST AMAR,Loción Happiest Amar
Desbrozadora a batería husqvarna 115il kit - husqvarna,Desbrozadora a batería husqvarna
Podadora a batería husqvarna 115ipt4 kit - husqvarna,Podadora a batería husqvarna
Arcon terraza marron gensini - gensini,Arcon terraza marron
Mesa auxiliar con nevera ice cube - ice cube,Mesa auxiliar con nevera
Conjunto aluminio y textileno madagascar - cz,Conjunto mesa y sillas jardin
Cortacésped honda izy 41 s - honda,Cortacésped honda
Generador honda eu 30i handy - honda,Generador honda
Cortacésped husqvarna lb533s - husqvarna,Cortacésped husqvarna
Tractor fendt 209s con remolque ref:2104- bruder,Tractor con Remolque Juguete
Conjunto mesa madera y 4 sillas en acero y ratán - coferdroza,Conjunto mesa y 4 sillas
Bosch MSM2610B licuadora Batidora de mano 600 W Antracita,Batidora de mano Bosch
"Bosch ErgoMixx MS6CA4150 licuadora 800 W Antracita, Blanco",Licuadora Bosch
Bosch MS6CB61V1 licuadora 0.6 L Batidora de inmersión 1000 W Negro,Licuadora Batidora de inmersión Bosch
Bosch MSM67120R licuadora Batidora de inmersión 750 W Rojo. Acero inoxidable,Licuadora Batidora de inmersión Bosch
Bosch My Way 2 Totalmente automática Macchina per caffè a capsule,Máquina Café Automática Bosch
"Bastilipo 523 Interior Negro, Gris 450 W",Bastilipo Interior
Climatizador Frío COMMODORE CM1014,Climatizador Frío
Balay 3ETG663HN hobs Negro Integrado Encimera de gas 3 zona(s),Encimera de gas 3 zonas Balay
Balay 3ETG663HB hobs Negro Integrado Encimera de gas 3 zona(s),Encimera de gas 3 zonas Balay
"LG 28TN515S-PZ Televisor 69.8 cm (27.5"") HD Smart TV Wifi Negro","Televisor 27,5"" Smart TV"
Piscina Gre Sunbay Evora rectangular 620x420x133,Piscina Gre Rectangula
Robot Limpiafondos Dolphin E50i,Limpiafondos Dolphin E50i
Limpiafondos Automático Zodiac Vortex OV 3505,Limpiafondos Zodiac OV 3505
Clorador Salino CTX Go Salt Electrolisis Go Salt 40 CTX,Clorador Salino 40 CTX
Electrodo Elite Connect AstralPool Electrodo Elite Connect 24 LS,Electrodo Astralpool 24 LS
"Bomba Contracorriente Piscina Impulsión Horizontal AstralPool Bomba 1,5 Kw Monofasica","Bomba Piscina Astralpool 1,5kw"
"Liner Piscina Iaso NEMO (Tati, Teya y Koya) Liner Iaso TATI - 200 x 125 x 50",Liner Piscina Ias
Lámpara LED Piscina PAR56 V1 AstralPool Lampara Lumiplus DC PAR56 V1 Blanca Cálida,Lámpara LED Piscina Astralpool
Kit Filtración Monobloc XPERT 4 D.300 4 M3/H,Kit Filtración Monobloc
Skimmer Boca Standard Tapa Circular Piscina Hormigón AstralPool Skimmer 15L  Boca Standard Color BLANCO,Skimmer Astralpool 15L
Base De Corte Magic Mat® Magnética Para Sizzix Mi Tienda De Arte,Base de corte para Sizzix
Nueva CINCH HEIDI SWAPP Encuadernadora Rosa,Encuadernadora rosa Cinch
Carrito Con 3 Bandejas Rosa Mi Tienda de Arte,Carrito con 3 bandejas
Cizalla y Tabla en Centímetros Trim and Score Board Rosa We R Memory Keepers,Cizalla y tabla en centímetros
Máquina de escribir Typecast Typewriter Mint We R Memory Keepers Menta,Máquina de escribir Typewriter
Archivador Vertical Para Papeles de Scrapbooking Mi Tienda de Arte,Archivador papeles scrapbooking
Set de Scrapbooking You And Me Stamperia 30x30cm,Set Scrapbookin
Set de 5 Chipboards para Encuadernar Mi Tienda de Arte 3mm 30x30cm,Set Chipboards para encuaderna
Pegamento Tacky Glue Mi Tienda de Arte 240ml,Pegamento Tacky Glu
Pack de 25 Cartulinas White Mi Tienda de Arte A4,Pack Cartulinas White A4
Lámpara Sobremesa Infantil Rosa Serie Flor 1xE14,Lámpara sobremesa infantil
Lámpara de Techo LED Moderna Serie Nur 30W Mantra,Lámpara techo Mantra
Lámpara de Techo Redonda Haiti Pequeña Negra 50Cm 4XE27,Lámpara techo Haiti
Baliza Sobremuro LED Exterior Philips Parterre Negro,Baliza sobremuro exterior
Lámpara Colgante de Techo Rústica Serie Sabina 1L Ø60CM,Lámpara techo Sabina
Faro Redondo LED Ø84 -Antiniebla- Con Cable Homologado E20,Faro redondo antiniebla E20
Pie de Salón LED NUR XL Blanco Regulable 22W,Pie de salón NUR
"Linterna LED Osram Professional 150 Batería Recargable 3,7V 2000mAh USB DC/AC",Linterna Osram Professional
Plafón de Techo LED 45W Quatro II Mediano Mantra,Plafón de techo Mantra
Barra LED 50Cm largo alcance LightBar FX500 Osram,Barra led Osra
Yves Saint Laurent  Mascara Volume Effet Flash Primer Transparent,Mascara Volume Yves Saint Lauren
Viva La Juicy Pink Couture Eau De Parfum 50 Ml,Perfume Viva la Juic
Valentino Uomo Born In Roma Coral Fantasy Eau De Toilette 100 Ml,Perfume Valentino Born in Rom
Tous Monedero Mediano Beige Y Rosa Kaos Legacy,Tous Monedero 
Tous Capazo Grande Kaos Mini Beige Y Fucsia Con Neceser,Tous Capazo Grand
Tous Bandolera Mediana De Piel Negra Y Malva Tous Empire,Tous Bandolera Median
"Swarovski Pendinetes De Boton Sunshine Rosa, Baño De Rodio",Swarovski Pendinetes De Boto
Sisley Hair Rituel Soin Lavant Revitalisant Volumateur 200 Ml,Sisley Hair Rituel 
Shiseido Crema Essential Energy Hydrating Spf 20 50 Ml,Shiseido Crema Spf 20 
Pandora Rose Anillo Corazon Azul Brillante En Pave 50,Pandora  Anillo Corazon 
Biotherm Blue Therapy Amber Algae Revitalize Night Cream 50 Ml,Crema Biotherm Blue Therap
Mesa de dirección con ala Manager estructura estructura cromo | Ofiprix,Mesa Manager estructura cromo
Bancada sala de espera Kyoto tapizada 3 asientos negro | Ofiprix,Bancada sala de espera Kyot
Silla confidente Diva patín Azul | Ofiprix,Silla confidente Div
"Silla de oficina Kendo, brazos ajustables, red naranja | Ofiprix",Silla oficina Kend
"Silla de oficina Ergomax, premium, espuma inyectada | Ofiprix",Silla oficina Ergomax
Sillón para Mesas de Reuniones Manchester giratorio Ofiprix | Ofiprix,Sillón giratorio Manchester
Silla confidente Cube Giratoria estructura cromo ecopiel Negro | Ofiprix,Silla confidente Cube ecopie
Sillón de Oficina Vanity bajo negro Ofiprix | Ofiprix,Sillón de oficina Vanit
"Silla de oficina Wind, respaldo ergonómico, brazos 3D, red gris | Ofiprix",Silla de oficina Win
"Silla confidente Replay, 4 patas con brazos verde | Ofiprix",Silla confidente Repla
Ignis CO470EG - Arcón Congelador 140.5x91.6 Cm Clase A+ Cerradura,Arcón congelador Igni
Balay 3EB715XR - Placa Vitrocerámica Balay 60 Cm 3 Zonas 17 Niveles,Placa Vitrocerámica Bala
Teka 61801251 - Filtro de Carbón C3C para Campanas,Filtro campana Tek
Beko DIN28423 - Lavavajillas Integrado 14 Servicios 60cm Clase E,Lavavajillas Bek
Hisense RB438N4EC3 - Frigorífico combinado Inox NoFrost 2 metros D,Frigorífico Hisens
Electrolux ESF5534LOW - Lavavajillas de 60 Cm Clase E 13 Cubiertos,Lavavjillas Electrolu
Balay 3EB967AU - Placa Inducción 60 Cm 3 Zonas Gris Antracita,Placa Inducción Bala
Whirlpool OAKZ9 379 P IX - Horno multifunción inox con pirólisis 6th Sense,Horno multifunción Whirlpoo
Edesa EMW-2020-I X - Microondas integrado en acero inoxidable 20 litros 700W,Microondas Edes
WMF 0792649990 - Olla Rápida Perfect 8.5 Litros 22 Cm Ø TransTherm,Olla Rápida WM
"Natura Bissé C+C Dry Oil Antioxidant Sun Protection, 100 ml",C+C Dry Oil Sun Protection
"Natura Bissé Diamond Cocoon Daily Cleanse, 150 ml",Daily Cleanse
"Natura Bissé Diamond Extreme Hand Cream, 75 ml",Diamond Extreme Hand Cream
"Natura Bissé Diamond Life Infusion Retinol Eye Serum, 15 ml",Retinol Eye Serum
"Natura Bissé C+C Vitamin Fluid, 50 ml",C+C Vitamin Fluid
"Natura Bissé Diamond Cocoon Sheer Cream SPF 30 PA++, 50 ml",Sheer Cream SPF 30 PA++
"Natura Bissé Diamond Well-Living The Body Scrub, 200 ml",The Body Scrub
"Natura Bissé Diamond Luminous Clarity Toning Lotion, 200 ml",Clarity Toning Lotion
"Natura Bissé Essential Shock Intense Eye & Lip Treatment, 15 ml",Intense Eye & Lip Treatment
"Natura Bissé Stabilizing Cleansing Mask, 75 ml",Cleansing Mask
Taburete de oficina giratorio Mirko Blanco,Taburete Mirko blanco
"Silla de oficina Spirit,marco de acero,respaldo bajo red negro",Silla oficina respaldo bajo Spiri
"Silla de oficina Nicole operativa, espuma inyectada naranja",Silla oficina Nicol
"Silla de oficina ergonómica Kendo white, mecanismo sincro, grey",Silla oficina ergonómica Kend
"Sillón de oficina Icon, mecanismo relax, aluminio, respaldo alto",Sillón oficina Ico
"Silla de oficina Keystone piel natural, aluminio Negro",Silla oficina Keystone piel natura
"Silla gaming Montmelo, diseño deportivo, rojo",Silla gaming Montmel
"Silla confidente Stadio, patin, mecanismo deslizante blanco",Silla confidente Stadi
"Silla gaming Logan, reposapies y brazos abatibles, blanco",Silla gaming Loga
"Sillón de ordenador Baviera,muy confortable, ecopiel blanco",Sillón ordenador Baviera ecopie
Mueble de TV Icon Blanco/Roble,Mueble T
Aparador Kuma Natural/Blanco,Aparado
Silla Nancy Antracita Simil Piel Antracita,Silla Nancy Simil Pie
Cama Novus Natural/Blanco,Cama Novu
Mesa de Centro Mar Natural/Blanco,Mesa de Centr
Vitrina Lucas Natural/Azul,Vitrina Luca
Mesa de Centro Clara Pino/Gris Antracita,Mesa de Centr
Cama Katsu 135x190 Dm/pino,Cam
Silla Stockholm Tapizado Amarillo,Silla Stockhol
Mesita Kuma Madera,Mesita Kuma Madera
Cuadro de Control AP400S ERREKA paro suave para motor KM400S PUMA,Cuadro de control Erreka
"Kit Motor VUA33 LB VULCAN ERREKA Batiente, hidráulico Bloqueado",Kit Motor Erreka
Motor VDS LINEAR11 24V C500 para Puertas Batientes de hasta 3m y 200 Kg,Motor VDS puertas batiente
Motor VDS PM1 SC 24V C400 Irreversible para puertas batientes de hasta 3m y 200 Kg,MMotor CDS puertas batiente
Kit Motor SIRIUS 3 ERREKA 400Vac.transmisión simple 3 m. SI230C Trifásico,Kit Motor Erreka 
Llave desembrague Accionador BUL ERREKA,Llave desembrague Erreka
"MacroKit 2 Motores APRIMATIC SR350 24V Irreversible Batiente 2 Hojas hasta 3,5 M",motores Aprimatic puertas batient
Cremallera NICE Galvanizada ROA8 M4 30X12X1000 mm,Cremallera Nice
Motor NICE RUN 2500P 230v para puertas correderas de hasta 2500Kg,Motor Nice Run Puertas Correderas
Fotocélula APRIMATIC ER10/2 Emisor-Receptor,Fotocélula Aprimatic
Oakley SUTRO OO9406 940652,Oakley Sutro
Carrera  HYPERFIT 22/S 807 (9O),Carrera Hyperfit
Carrera  TOPCAR 1/N T4O (9O),Carrera Topcar
Ray-Ban JUNIOR AVIATOR RJ9506S 223/2V,Ray Ban Aviator
Biofinity Aquaform Comfort Science (3 lentillas),Biofinity Acuafor
Biolens 55 Alta Definición (6 Lentillas),Lentillas Biolens 5
Ray-Ban JUNIOR NEW WAYFARER RJ9052S 100/11,Ray Ban Wayfarer
Arnette HYPNO AN4274 26991W,Arnette Hypno
Arnette ZORO AN4271 41/81,Arnette Zoro
Arnette DEIMOS AN4285 276576,Arnette Deimos
Cabecero Liso Polipiel Para Camas De 80 (90 X 57 Cm) Polipiel Beige,Cabecero liso polipiel
Cabecero Canadá Polipiel Para Camas De 90 Y 105 (115 X 57 Cm) Polipiel Beige,Cabecero polipiel
Cabecero San Francisco Polipiel Para Camas De 135 (145 X 120 Cm) Polipiel Turquesa,Cabecero polipiel
Asiento Y Respaldo Estampados Chill Out Estampado Mandala Turquesa,Asiento y respaldo chill out estampado
Cabecero Dakota Polipiel Para Camas De 140 (150 X 57 Cm) Polipiel Blanco,Cabecero polipiel
Mesita Harald Con Cajón Acabado Barnizado,Mesita Con Cajón Barnizado
Mecedora Edward Haya Tela Marron,Mecedora Haya
Sillón Relax Home Tela Verde Agua,Sillón relax 
Balancín Carla Lacada En Blanco Tela Verde Agua,Balancín lacado
Sillón Dulce Nórdico Tela Turquesa,Sillón dulce de tela
"Motosierra stihl ms 170 2mix 3/8"" pmm3 35 cm",Motosierra stihl ms 170 35cm
Lubricante de tecnología 100% repsol elite tdi  5w40 505.01 5l,Lubricante repsol 5l 
Faro barra agroled 24led 72w 5760lm 228c,Faro barra agroled 228c
Alicate de boca semirredonda punta curva 45º bahco 2427d 160 mm,Alicate boca semirredonda 160 mm 
Estaca topográfica de plástico 24 cm. Amarillo Bornes Feno,Estaca plástico 24 cm amarillo 
Tizas de marcado en construcción. Color azul,Tizas construcción azul
Juego de herramientas para colocación de Hito Bornes FENO,Juego herramientas Feno
Fisurómetro Digital para la detección de fisuras hasta 3 mm,Fisurómetro digital fisuras 3 mm
Viceroy - PENDIENTES DE VICEROY CON PERLAS,Pendientes perlas viceroy
Falomir - Pulsera esclava para Bebé oro 18k,Esclava oro bebé 19k falomir
Falomir - Colgante de Oro de 18k Cabeza de Egipcio,Colgante Oro Egipcio 18K falomir
Falomir - Cruz con Cristo en Oro de 18k,Cruz Cristo Oro 18K falomir
Bote miel 100% natural,Bote de miel natural
Eco Cookies (4 ud.),Cookies Eco
Galletas Supercoco sin azúcar. (7Ud.),Galletas Supercoco sin azúcar
Eco barritas (2 ud.),Barritas Eco
Panecillos de hamburguesa (2 ud.) Receta mejorada,Panecillos de hamburguesa
Panecillos de Remolacha (2 ud.),Panecillos de Remolacha
Mix Leon the Baker. Frutos secos y arándanos 100 gramos,Mix de frutos secos y arándonos
Bolsa de Arándanos Deshidratados 100 gr,Bolsa de Arándanos Deshidratados
Chapatas (2 o 7 ud.) Pack de 2 Uds,Pack de chapatas
Lait Hydra Fraîcheur | Leche Desmaquillante 200ml - Guinot ®,Leche Desmaquillante 200ml
Gel de Baño y Ducha de Árbol del Té I Cuidado protector 400ml - Alqvimia ®,Gel de Ducha 400ml
Agua de Rosas I Tónico facial rejuvenecedor 100ml - Essentially Beautiful - Alqvimia ®,Tónico Agua de Rosas 100ml
"BB Cream Soin Perfection Lumière | Naturel, Ivoire y Doré - 40ml - Thalgo ®",BB Cream 40ml
melan 130+ pigment control | Protector con color 50ml - Photoprotection Solutions - mesoestetic ®,Protector Solar con Color 50ml
Contorno de Ojos | Antioxidante 15ml - Power C+ - Skeyndor ®,Contorno de ojos 15ml
Crema BeeVenom | Crema Antiarrugas 50ml - Isseimi - Heber Farma ®,Crema Antiarrugas 15ml
Fibro | Tónico limpiador - Gernétic ®,Tónico Limpiador
Peeling di Bambu - Naturale Termale | Exfoliante de Bambú 210 ml -Thalissi ®,Exfoliante de Bambú 210ml
Sebum Regulating Gel 50ml | Regulador sebáceo - Casmara ®,Regulador Sebáceo
Smart TV 40 pulgadas televisor (Hey Google official Assistant) Control por Voz - TD Systems K40DLC16GLE,"Smart TV 40"" TD Systems"
Apple Airpods V2 Auriculares Inalámbricos con Estuche de Carga,Apple Airpods V2
"Apple MacBook Pro Intel Core i5/16GB/1TB SSD/13.3"" Gris Espacial 2020",MacBook Pro Gris Espacial
Monitor Videoportero BTicino 8 Hilos 334122 Pivot,Monitor Videoportero BTicino
Prado Enea Gran Reserva Magnum 2014,Gran Reserva 2014 Prado Enea
Viña Albali Gran Reserva De Familia 2009,Gran Reserva 2009 Viña Albali
Culmen Reserva 2015,Reserva 2015 Culmen
Gordon's Premium Pink Distilled Gin,Pink Gin Gordon´s
Torre Muga Magnum 2016,Torre Muga 2016
Vina Pedrosa Gran Reserva 2015,Gran Reserva 2015 Viña Pedrosa
Jamón Ibérico De Cebo Sánchez Blanco Pieza 7-8 Kg,Jamón Ibérico Cebo 7-8Kg
Pago De Los Capellanes Crianza 2019,Crianza 2019 Pago Capellanes
Oro De Castilla Verdejo 2021,Verdejo 2021 Oro de Castilla
Whisky Hakushu 12-Anos,Whisky Hakashu
Silla Operativa Oficina modelo Córdoba Varios Colores,Silla Oficina
Recibidor Consola MOMO - Acero Inoxidable Pulido 100x75,Recibidor Acero Inoxidable
Mesa de Centro Elevable Blanco Artik-Roble Canadian Estilo Nórdico 100x50,Mesa de Centro Elevable
Armario Multiusos-Escobero Use 2P Blanco,Armario Escobero
Silla Comedor Nais Natural-Gris Claro,Silla Comedor
Mesa Comedor Modelo City Cristal-Acero Lacado Extensible 145x90,Mesa Comedor Extensible
Escritorio Aris Cristal Templado 120x75,Escritorio Cristal Templado
Cama Canguro Gran Confort Tubo 40x30 - Doble Refuerzo Lámina Ancha,Cama Canguro
MUEBLE TV 1 PUERTA MODELO QUATRE DM-MADERA DE FRESNO 134x56,Mueble TV 1 puerta
LÁMPARA DE SOBREMESA MODELO SCARLETT METAL NEGRO,Lámpara de Sobremesa
"FREGADORA tracción manual, 430mm, depósito 30L - FR 30 M 45 TOUCH - 3.270€",Fregadora Manual 30L
"ABRILLANTADORA  Ø330mm, 190 r.p.m., 550W",Abrillantadora 550W
"ASPIRADOR PARA POLVO Y LÍQUIDOS, 3 motores, 3.450W, 80L",Aspirador para Polvo y Líquidos
Hidrolimpiadora agua fría desde 150bar - 900L/h,Hidrolimpiadora Agua Fría
Nebulizador de espuma - Acero e inox - LTXS 100 ESPUMA - INOX - 1.510€,Nebulizador de Espuma
Carro de limpieza con armario y bolsa plastificada,Carro de Limpieza
"LIMPIADOR MULTIUSOS, BASICMATOR - 10 Litros",Limpiador Multiusos 10L
DETERGENTE TÚNELES AGUAS DURAS - 1 ENVASE 12 KILOS,Detergente Túneles 12kg
Calefacción eléctrica por rayos infrarrojos portátil de 2Kw a 3Kw,Calefacción Rayos Infrarrojos
"Generador de aire caliente a gas de 10Kw a 108Kw - VOLCANO GP30A - 31,4kw - 545€",Generador de Aire Caliente
Obey Your Body Crema De Noche Nourishing Intensive 50 Ml,Crema de Noche
"Opi "" So Hot It Berns"" Esmalte Uñas 15 Ml",Esmalte de Uñas
Dr. Brandt Pores No More Poredermabrasion Exfoliante Minimizador De Poros 60 G,Exfoliante poros
Chanel Rouge Coco Flash 102 Noir Moderne,Chanel Rouge
Make Up For Ever Brow Pencil Nº 20 Blond,Brow Pencil
Levi's® Pack De 2 Pares De Calcetines Raya Fina Talla 39/42,Pack de Calcetines
Bellápierre Mineral Lipstick Rouge A Lèvres Bellalicious,Bellápierre Lipstick
L'oréal Color Riche Matte 346 Scarlet Silhouette,L'oréal Color Riche Matte
Clinique Beyond Perfecting Foundation + Concealer 2 In 1 Wn 46 Golden Neutral Tamaño 30 Ml,Foundation y Concealer Clinique
Kedma Aceite Limpiador Facial 100 Ml,Limpiador Facial
Caseta perro marron 99x95x99cm,Caseta Perro
Papel pintado tablas colores 1580-2810,Papel Pintado
Toallero pie exclusive cromo 91x48x28cm,Toallero de Pie
Espejo aumento x3 extensible assisi 17cm,Espejo Aumento Extensible
Estanteria baño exclusive 45x54x26cm,Estantería Baño
Barniz titanlux decora agua satinado incoloro 750ml,Barniz Titanlux
Cojin cuadradas digital saten 4474 45x45cm,Cojín Satén
Balancin 3 plazas mauricio 195x170x115cm,Balancín 3 plazas
Mesa redonda cerámica blanco / negro delfos 90cm,Mesa Redonda Cerámica
Mesa plegable resina-hierro 244x76x74cm,Mesa Plegable
Dolphin PoolStyle 30 robot limpiafondos piscina,Dolphin PoolStyle 30
Bomba contracorriente piscina impulsión horizontal AstralPool,Bomba contracorriente Astralpool
Piscina desmontable Gre Mauritius ovalada imitación madera,Piscina desmontable Gre Mauritius 
Piscina desmontable Gre Fidji circular acero chapa blanca,Piscina desmontable Gre Fidji
Escalera inox para piscina desmontable 142 cm Gre AR11680,Escalera inox para piscina desmontable 
Clorador salino CTX Go salt  Bomba Ph Basic Next by Piscinayspa,Clorador salino CTX Go salt
Boquilla impulsión para encolar piscina hormigón AstralPool,Boquilla para encolar piscina
Filtro Hayward Serie Pro Top depuradora piscina,Filtro Hayward Serie Pro Top
Cascada Fantasy Moonlight AISI 316L AQA,Cascada Fantasy Moonlight
Cloro lento en tabletas 250g AstralPool 0% Bórico,Cloro lento en tabletas 
Cinturón efecto piel Naf Naf mujer Camel,Cinturón de mujer
Bolso shopper étnico Naf Naf mujer rojo,Bolso shopper 
Fular flores Naf Naf mujer Verde,Fular de flores
Botines efecto piel Naf Naf mujer Camel,Botines de mujer
Blazer chaleco Naf Naf mujer Crudo,Blazer chaleco
Jersey sin mangas bordado Naf Naf mujer Verde,Jersey sin mangas bordado
Jersey estampado Naf Naf mujer Cora,Jersey estampado
Camiseta mensaje Naf Naf mujer Crudo,Camiseta con mensaje
Vestido corto fluido Naf Naf mujer Rojo,Vestido corto fluido
Pantalón de vestir Naf Naf mujer Negro,Pantalón de vestir
Pantalón Deportivo Moncler Genius X 1017 Alyx 9Sm para Hombre,Pantalón Deportivo Moncler
Céline por Phoebe Philo zapato cuña circa 2008,Zapato Cuña Celine
Jersey dolcevita con cuello a contraste,Jersey Dolcevita
Camisa Bowling de seda con GG caleidoscópico,Camisa Bowling GG
Zapatilla GG Gucci Tennis 1977,Zapatilla GG Tennis
Veja x Mansur Gavriel Zapatilla Campo,Zapatilla Veja x Mansur
Sudadera con capucha Maison Balenciaga Wide Fit,Sudadera Maison Balenciaga
Sandalia de lona maxi GG para hombre,Sandalia de Lona Maxi GG
Peto unisex Toogood Farmer x Bib Overall,Peto Toogood Farmer x Bib Overall
Perfume You're In de COMME des GARÇONS x Andy Warhol,Perfume You're In de COMME
"Mango tirador de puerta frigorífico Balay, Lynx 00640551",Tirador de frigorífico Balay
Cecotec Conga 1090 cepillo rotatorio central 2771,Cepillo rotatorio Cecotec Conga
Bolsa aspirador adaptable Ufesa AT 4204 - 4205 - 4206 - 5 Unidades 640,Bolsa aspirador adaptable Ufesa 
"Cajón superior congelador frigorífico Balay, Bosch 00437639",Cajón superior congelador Balay
Manguera flexible aspirador Bosch Siemens Ufesa Big Bag  00448577,Manguera aspirador Bosch
Cuchilla para accesorio picador de batidora Bosch 00615742,Cuchilla para picador de batidora Bosch
Difusor de aire secador profesional Bosch 00634776,Difusor de secador Bosch
Cajon inferior congelador frigorifico Bosch Siemens 00680078,Cajon inferior congelador frigorifico Bosch
Depósito de agua cafetera Bosch Tassimo TAS32... 0075452,Depósito de agua cafetera Bosch Tassimo
Engranajes exprimidor Taurus TC-160 Legend 08785400,Engranajes exprimidor Taurus
Calefaccion Planar 2 Autoterm Air 2D 12V 2Kw Diesel,Calefacción Planar 12V 2Kw
Claraboya Carbest 700X500 Panoramica,Claraboya Panorámica 700x500
Ventana 350X600Mm Corredera Universal Carbest,Ventana Corredera 350x600mm
Claraboya 40X40 Carbest,Claraboya 40x40
Ventana 800X340 Corredera De Vidrio Carbest,Ventana Corredera Vidrio 800x340
Marco Oscurecedor 500X450 Con Mosquitera Para Ventanas Carbest Rw Motion,Marco Oscurecedor con Mosquitera 500x540
Base Giratoria Vito Copiloto Hasta 2004 Mercedes Vito,Base Giratoria Copiloto Mercedes Vito
Deposito Universal De Agua Dulce Y Residual 84L,Depósito Agua Universal 84L
Claraboya Ventilador 280X280Mm Carbest,Claraboya con Ventilador 280x280mm
Kit Puerta De Persiana Enrollable Para Mueble Camper,Puerta de Persiana Enrollable
Cabecero de madera para camas de 150 Osaka - Sin pintar,Cabecero Madera 150 Osaka
Cabecero de madera para camas de 150 Solana - Blanco,Cabecero Blanco 150 Solana
Cabecero de madera para camas de 180 Bora - Nogal-Blanco,Cabecero Nogal-Blanco 180 Bora
Cabecero de madera para camas de 180 Bora - Turquesa Envejecido,Cabecero Turquesa Envejecido 180 Bora
Cabecero de madera para camas de 180 Granada - Blanco,Cabecero Blanco 180 Granada
Cabecero de madera para camas de 90 Bora - Blanco,Cabecero Blanco 90 Bora
Cómoda de 4 cajones madera maciza pino barnizado Lavik,Cómoda 4 Cajones
Cómoda de 4 cajones madera maciza pino turquesa envejecido Lavik,Cómoda 4 Cajones
Estantería vertical de pared madera de pino blanco Erik,Estantería Pared Blanca
Mesita de noche 3 cajones madera maciza pino natural Loen,Mesita de Noche 3 Cajones
Lote 2 Ventiladores de Pie,2 Ventiladores de Pie
Lote x2 Ventiladores 3 en 1,2 Ventiladores 3 en 1
Canapé  EBRO,Canapé
Freidora de Aire Alpina Deluxe,Freidora de Aire
Sofá Chaiselongue Imperial,Sofá Chaiselongue
Colchón Muelles Ensacado Bahamas,Colchón Muelles Ensacados
Aire acondicionado Swiss Way,Aire Acondicionado
Aire Acondicionado Split 3500F,Aire Acondicionado
Armario puertas correderas con espejo Mario Cambria,Armario Puertas Correderas con Espejo
Dos rollos césped artificial 5x1m,Rollos Césped Artificial 5x1M
COLÁGENO CON MAGNESIO EN POLVO 540 GRAMOS SABOR VAINILLA -TRATAMIENTO PARA 3 MESES -,Colágeno con Magnesio en Polvo
PROPOLEO & EQUINACEA 60 CAPSULAS,Propóleo y Equinacea
LAXANTE NATURAL DETOX ALKALINECARE PHLUSH 15 Sobres,Laxante Natural Detox
ACEITE ESENCIAL ARBOL DE TE 10 ml,Aceite Arbol de Te
COLA DE CABALLO STD 60 Vcaps,Cola de Caballo
OMEGA 3 Triglicérido 60 Perlas,Omega 3
COLAGENLIDER PLUS 180 g - COLAGENO HIDROLIZADO,Colágeno Hidrolizado
Set bañera LUMA - Todo lo que se necesita para sus primeros baños Gris oscuro,Set Bañera Luma
Bañera para bebé de Luma Gris oscuro Sin personalizar,Bañera Luma Gris Oscuro
Big Baby - La box para el primer cumpleaños de tu bebé Unisex,Big Baby Unisex
Cubo grande estrellita para guardar juguetes o decorar Negro,Cubo Grande Estrellita Negro
Jabon para mamá y bebé Sapone Baby - Linea Mammababy,Jabón para Mamá y Beb
Daddy Box: canastilla regalo para papá y bebé Con body LOVE MY DADDY manga corta 3-6 meses Camiseta #COOL DAD TALLA M,Canastilla para papá y bebé
Lámpara de pared 'estrella' - Buokids Gris,Lámpara de pared Buokid
Vajilla para bebé diseño oso - Liewood Menta,Vajilla para bebé Liewwoo
Neceser de viaje Camila - Babyshower Rose powder,Neceser Babyshower Rose Powder
Chupetero bebé personalizado crema con color Crema y salmón,Chupetero personalizado Crema y Salmón
